row_id,actual,selected_score,predicted,baseline_score,logistic_regression_score,logistic_regression_sigmoid_score,random_forest_score,random_forest_sigmoid_score,satisfaction_level,last_evaluation,number_project,average_montly_hours,time_spend_company,Work_accident,promotion_last_5years,department,salary
1747,1,0.01578836,0,0.16607970,0.22666828,0.22601384,0.04886207,0.01578836,0.63000000,0.76000000,2,157,4,0,0,RandD,low
621,1,0.29113152,0,0.16607970,0.69807756,0.68436401,0.37376860,0.29113152,0.10000000,0.55000000,2,247,4,0,0,sales,medium
105,1,0.07882841,0,0.16607970,0.26676263,0.26479756,0.21661162,0.07882841,0.24000000,0.46000000,7,224,5,0,0,accounting,medium
122,1,0.48937199,0,0.16607970,0.32561706,0.32159752,0.45867327,0.48937199,0.75000000,1.00000000,4,216,6,0,0,technical,low
3881,0,0.89072025,1,0.16607970,0.05870503,0.06104700,0.67315901,0.89072025,0.42000000,0.56000000,2,103,3,1,0,marketing,medium
925,1,0.02278931,0,0.16607970,0.38273086,0.37667958,0.08635161,0.02278931,0.46000000,0.86000000,2,212,4,0,0,sales,medium
568,1,0.01383005,0,0.16607970,0.40532911,0.39848648,0.03539389,0.01383005,0.25000000,0.46000000,4,214,4,0,0,technical,medium
1570,1,0.01142601,0,0.16607970,0.20665864,0.20661265,0.01601713,0.01142601,0.60000000,0.85000000,3,250,2,0,0,support,low
1603,1,0.05842414,0,0.16607970,0.01420579,0.01543965,0.18440298,0.05842414,0.85000000,1.00000000,6,260,3,1,0,management,low
5556,0,0.92361787,1,0.16607970,0.09654878,0.09882531,0.71267979,0.92361787,0.84000000,0.84000000,6,261,5,0,0,product_mng,low
45,1,0.01353040,0,0.16607970,0.14453549,0.14607619,0.03316865,0.01353040,0.84000000,0.74000000,3,182,4,0,0,technical,low
168,1,0.41069323,0,0.16607970,0.62577588,0.61286534,0.42675229,0.41069323,0.32000000,0.50000000,2,135,5,0,0,sales,low
1546,1,0.02682044,0,0.16607970,0.46932595,0.46034610,0.10308513,0.02682044,0.17000000,0.55000000,6,250,5,0,0,sales,medium
1042,1,0.01011259,0,0.16607970,0.10082135,0.10305691,0.00364895,0.01011259,0.63000000,0.94000000,3,179,2,0,0,support,medium
1291,1,0.01730385,0,0.16607970,0.13358893,0.13534474,0.05820018,0.01730385,0.72000000,1.00000000,2,240,2,0,0,RandD,low
191,1,0.29688381,0,0.16607970,0.03078687,0.03267208,0.37654542,0.29688381,0.92000000,0.87000000,4,226,6,1,0,technical,medium
827,1,0.17422603,0,0.16607970,0.39251070,0.38611536,0.30703003,0.17422603,0.59000000,1.00000000,2,160,5,0,0,product_mng,low
1471,1,0.29610349,0,0.16607970,0.02640639,0.02815754,0.37617058,0.29610349,0.79000000,0.95000000,5,228,5,0,0,sales,high
1917,1,0.01016826,0,0.16607970,0.11486813,0.11693146,0.00420463,0.01016826,0.78000000,0.66000000,3,164,3,0,0,sales,low
489,1,0.02214632,0,0.16607970,0.36600790,0.36054908,0.08341800,0.02214632,0.53000000,0.56000000,4,281,6,0,0,hr,medium
10089,0,0.95930529,1,0.16607970,0.22245314,0.22192984,0.77956754,0.95930529,0.73000000,0.83000000,5,266,5,0,0,sales,low
1935,1,0.26854367,0,0.16607970,0.03064063,0.03252172,0.36253359,0.26854367,0.76000000,0.89000000,5,238,5,0,0,technical,high
1695,1,0.08089292,0,0.16607970,0.10310065,0.10531208,0.21942682,0.08089292,0.73000000,0.99000000,6,206,5,0,0,sales,medium
576,1,0.02796003,0,0.16607970,0.35983488,0.35459569,0.10737192,0.02796003,0.57000000,0.72000000,4,275,6,0,0,technical,medium
1345,1,0.01299650,0,0.16607970,0.00904730,0.00996871,0.02908067,0.01299650,0.89000000,0.83000000,5,130,4,1,0,support,medium
175,1,0.01013671,0,0.16607970,0.15782549,0.15907483,0.00389007,0.01013671,0.54000000,0.74000000,4,164,2,0,0,sales,low
1705,1,0.01190230,0,0.16607970,0.08387420,0.08623674,0.02015747,0.01190230,0.63000000,0.93000000,5,163,3,0,0,hr,medium
378,1,0.01218701,0,0.16607970,0.19157941,0.19196556,0.02255490,0.01218701,0.31000000,0.56000000,4,238,2,0,0,accounting,medium
1921,1,0.53025278,0,0.16607970,0.14208871,0.14367954,0.47507330,0.53025278,0.83000000,0.81000000,5,219,5,0,0,sales,low
6254,0,0.98055380,1,0.16607970,0.12726031,0.12912912,0.85575285,0.98055380,0.90000000,0.87000000,4,231,5,0,0,management,low
590,1,0.01243327,0,0.16607970,0.27244436,0.27028608,0.02458434,0.01243327,0.66000000,0.67000000,2,255,3,0,0,technical,low
498,1,0.01521264,0,0.16607970,0.14241817,0.14400232,0.04508155,0.01521264,0.89000000,0.95000000,2,181,5,0,0,technical,medium
895,1,0.40391090,0,0.16607970,0.29889211,0.29581755,0.42393720,0.40391090,0.30000000,0.56000000,3,309,4,1,0,technical,low
358,1,0.05745254,0,0.16607970,0.38737496,0.38116004,0.18261933,0.05745254,0.31000000,0.62000000,6,135,5,0,0,support,low
619,1,0.01052862,0,0.16607970,0.06605780,0.06843623,0.00773067,0.01052862,0.80000000,0.75000000,3,268,2,0,0,sales,medium
9772,0,0.99497019,1,0.16607970,0.37230098,0.36661871,0.99270880,0.99497019,0.42000000,0.50000000,2,151,3,0,0,sales,low
889,1,0.30785345,0,0.16607970,0.02889348,0.03072347,0.38175642,0.30785345,0.75000000,0.86000000,5,237,5,0,0,support,high
771,1,0.01212378,0,0.16607970,0.26468376,0.26278900,0.02202724,0.01212378,0.31000000,0.77000000,4,149,3,0,0,sales,medium
9573,0,0.90978501,1,0.16607970,0.23865411,0.23761908,0.69449031,0.90978501,0.43000000,0.51000000,2,123,3,0,0,technical,medium
6995,0,0.88376633,1,0.16607970,0.15854777,0.15978041,0.66619238,0.88376633,0.85000000,0.87000000,6,232,6,0,0,technical,low
1754,1,0.02550252,0,0.16607970,0.44416770,0.43600501,0.09790091,0.02550252,0.41000000,0.71000000,3,205,4,0,0,marketing,low
1606,1,0.03865788,0,0.16607970,0.22574412,0.22511856,0.14094208,0.03865788,0.43000000,0.55000000,4,134,3,0,0,marketing,low
848,1,0.40554757,0,0.16607970,0.13225994,0.13404019,0.42461787,0.40554757,0.54000000,0.94000000,6,294,3,0,0,sales,medium
7434,0,0.88002334,1,0.16607970,0.16455593,0.16564634,0.66259141,0.88002334,0.85000000,0.96000000,4,240,6,0,0,technical,medium
1720,1,0.01343278,0,0.16607970,0.47906471,0.46977846,0.03243322,0.01343278,0.23000000,0.70000000,5,168,4,0,0,support,low
1865,1,0.05751885,0,0.16607970,0.11644532,0.11848598,0.18274197,0.05751885,0.70000000,0.84000000,6,161,4,0,0,technical,low
