feature,ap_decrease,rank,fold
satisfaction_level,0.29951088,1.00000000,1
last_evaluation,0.05676370,5.00000000,1
number_project,0.09990394,3.00000000,1
average_montly_hours,0.06837679,4.00000000,1
time_spend_company,0.11528055,2.00000000,1
Work_accident,0.00122981,7.00000000,1
promotion_last_5years,0.00001583,8.00000000,1
department,-0.00104129,9.00000000,1
salary,0.00423183,6.00000000,1
satisfaction_level,0.25725124,1.00000000,2
last_evaluation,0.05729527,5.00000000,2
number_project,0.11129380,3.00000000,2
average_montly_hours,0.07620821,4.00000000,2
time_spend_company,0.12783767,2.00000000,2
Work_accident,0.00076673,6.00000000,2
promotion_last_5years,0.00006177,7.00000000,2
department,-0.00112988,9.00000000,2
salary,-0.00068636,8.00000000,2
satisfaction_level,0.32791794,1.00000000,3
last_evaluation,0.05316928,5.00000000,3
number_project,0.08482161,3.00000000,3
average_montly_hours,0.06394377,4.00000000,3
time_spend_company,0.10465438,2.00000000,3
Work_accident,0.00051512,7.00000000,3
promotion_last_5years,-0.00037197,9.00000000,3
department,-0.00008667,8.00000000,3
salary,0.00244837,6.00000000,3
