model,split,average_precision,roc_auc,log_loss,brier_score,accuracy,precision,recall,f1,threshold,tn,fp,fn,tp,alerts,positive_rate,rows
baseline,validation,0.16597164,0.50000000,0.44944091,0.13842507,0.83402836,0.00000000,0.00000000,0.00000000,0.50000000,2000,0,398,0,0,0.16597164,2398
logistic_regression,validation,0.42058239,0.83064196,0.35455095,0.11294022,0.79816514,0.43601190,0.73618090,0.54766355,0.20750276,1621,379,105,293,672,0.16597164,2398
logistic_regression_sigmoid,validation,0.42058239,0.83064196,0.35468008,0.11289281,0.79816514,0.43601190,0.73618090,0.54766355,0.20743186,1621,379,105,293,672,0.16597164,2398
random_forest,validation,0.96472567,0.98360176,0.08462766,0.01837272,0.98290242,0.98637602,0.90954774,0.94640523,0.54391847,1995,5,36,362,367,0.16597164,2398
random_forest_sigmoid,validation,0.96472567,0.98360176,0.07464929,0.01599381,0.98290242,0.98637602,0.90954774,0.94640523,0.69173785,1995,5,36,362,367,0.16597164,2398
baseline,test,0.16590246,0.50000000,0.44932927,0.13837886,0.83409754,0.00000000,0.00000000,0.00000000,0.50000000,2001,0,398,0,0,0.16590246,2399
logistic_regression,test,0.39421871,0.81477477,0.36649841,0.11682102,0.78907878,0.41768293,0.68844221,0.51992410,0.20750276,1619,382,124,274,656,0.16590246,2399
logistic_regression_sigmoid,test,0.39421871,0.81477477,0.36626007,0.11663835,0.78907878,0.41768293,0.68844221,0.51992410,0.20743186,1619,382,124,274,656,0.16590246,2399
random_forest,test,0.95933134,0.98181374,0.08835522,0.01885071,0.98082534,0.97826087,0.90452261,0.93994778,0.54391847,1993,8,38,360,368,0.16590246,2399
random_forest_sigmoid,test,0.95933134,0.98181374,0.07633894,0.01653359,0.98082534,0.97826087,0.90452261,0.93994778,0.69173785,1993,8,38,360,368,0.16590246,2399
