validation_budget_fraction,split,average_precision,roc_auc,log_loss,brier_score,accuracy,precision,recall,f1,threshold,tn,fp,fn,tp,alerts,positive_rate,rows
0.00100000,validation,0.96472567,0.98360176,0.07464929,0.01599381,0.83486239,1.00000000,0.00502513,0.01000000,0.99523248,2000,0,396,2,2,0.16597164,2398
0.00100000,test,0.95933134,0.98181374,0.07633894,0.01653359,0.83451438,1.00000000,0.00251256,0.00501253,0.99523248,2001,0,397,1,1,0.16590246,2399
0.00200000,validation,0.96472567,0.98360176,0.07464929,0.01599381,0.83569641,1.00000000,0.01005025,0.01990050,0.99517292,2000,0,394,4,4,0.16597164,2398
0.00200000,test,0.95933134,0.98181374,0.07633894,0.01653359,0.83451438,1.00000000,0.00251256,0.00501253,0.99517292,2001,0,397,1,1,0.16590246,2399
0.00500000,validation,0.96472567,0.98360176,0.07464929,0.01599381,0.83861551,1.00000000,0.02763819,0.05378973,0.99504413,2000,0,387,11,11,0.16597164,2398
0.00500000,test,0.95933134,0.98181374,0.07633894,0.01653359,0.83784910,1.00000000,0.02261307,0.04422604,0.99504413,2001,0,389,9,9,0.16590246,2399
0.01000000,validation,0.96472567,0.98360176,0.07464929,0.01599381,0.84361968,1.00000000,0.05778894,0.10926366,0.99493356,2000,0,375,23,23,0.16597164,2398
0.01000000,test,0.95933134,0.98181374,0.07633894,0.01653359,0.84743643,0.97058824,0.08291457,0.15277778,0.99493356,2000,1,365,33,34,0.16590246,2399
0.05000000,validation,0.96472567,0.98360176,0.07464929,0.01599381,0.88365304,1.00000000,0.29899497,0.46034816,0.99403903,2000,0,279,119,119,0.16597164,2398
0.05000000,test,0.95933134,0.98181374,0.07633894,0.01653359,0.88245102,0.99152542,0.29396985,0.45348837,0.99403903,2000,1,281,117,118,0.16590246,2399
0.10000000,validation,0.96472567,0.98360176,0.07464929,0.01599381,0.93369475,1.00000000,0.60050251,0.75039246,0.99072976,2000,0,159,239,239,0.16597164,2398
0.10000000,test,0.95933134,0.98181374,0.07633894,0.01653359,0.92205085,0.99530516,0.53266332,0.69394435,0.99072976,2000,1,186,212,213,0.16590246,2399
0.20000000,validation,0.96472567,0.98360176,0.07464929,0.01599381,0.94620517,0.78079332,0.93969849,0.85290764,0.04034671,1895,105,24,374,479,0.16597164,2398
0.20000000,test,0.95933134,0.98181374,0.07633894,0.01653359,0.95164652,0.80000000,0.94472362,0.86635945,0.04034671,1907,94,22,376,470,0.16590246,2399
