model,binning_scheme,bin,rows,mean_score,observed_rate,rate_low,rate_high
random_forest,quantile,0,239,0.00037307,0.00000000,0.00000000,0.01581879
random_forest,quantile,1,241,0.00189933,0.00000000,0.00000000,0.01568958
random_forest,quantile,2,240,0.00447013,0.01250000,0.00426007,0.03610000
random_forest,quantile,3,240,0.00802532,0.00416667,0.00073590,0.02322007
random_forest,quantile,4,239,0.01403578,0.00418410,0.00073898,0.02331564
random_forest,quantile,5,240,0.02342122,0.02083333,0.00893080,0.04783338
random_forest,quantile,6,240,0.04172229,0.02083333,0.00893080,0.04783338
random_forest,quantile,7,240,0.08753379,0.02500000,0.01150696,0.05345926
random_forest,quantile,8,240,0.53376911,0.57500000,0.51175993,0.63587698
random_forest,quantile,9,240,0.96805137,0.99583333,0.97677993,0.99926410
random_forest,uniform,0,1854,0.01938274,0.01024811,0.00657053,0.01595101
random_forest,uniform,1,124,0.13985702,0.04838710,0.02236241,0.10155247
random_forest,uniform,2,26,0.23451547,0.07692308,0.02135509,0.24141554
random_forest,uniform,3,19,0.34234071,0.31578947,0.15364379,0.53989592
random_forest,uniform,4,8,0.43096591,0.62500000,0.30574239,0.86315571
random_forest,uniform,5,3,0.56851623,1.00000000,0.43850297,1.00000000
random_forest,uniform,6,19,0.65771839,0.78947368,0.56665722,0.91492323
random_forest,uniform,7,30,0.75328460,0.93333333,0.78676542,0.98152298
random_forest,uniform,8,69,0.85763478,0.98550725,0.92236878,0.99743708
random_forest,uniform,9,247,0.96629480,0.99595142,0.97742758,0.99928497
random_forest_sigmoid,quantile,0,239,0.00979053,0.00000000,0.00000000,0.01581879
random_forest_sigmoid,quantile,1,241,0.00993952,0.00000000,0.00000000,0.01568958
random_forest_sigmoid,quantile,2,240,0.01019528,0.01250000,0.00426007,0.03610000
random_forest_sigmoid,quantile,3,240,0.01056013,0.00416667,0.00073590,0.02322007
random_forest_sigmoid,quantile,4,239,0.01120739,0.00418410,0.00073898,0.02331564
random_forest_sigmoid,quantile,5,240,0.01229920,0.02083333,0.00893080,0.04783338
random_forest_sigmoid,quantile,6,240,0.01476222,0.02083333,0.00893080,0.04783338
random_forest_sigmoid,quantile,7,240,0.02355648,0.02500000,0.01150696,0.05345926
random_forest_sigmoid,quantile,8,240,0.56213791,0.57500000,0.51175993,0.63587698
random_forest_sigmoid,quantile,9,240,0.99337985,0.99583333,0.97677993,0.99926410
random_forest_sigmoid,uniform,0,1997,0.01451767,0.01352028,0.00930848,0.01960009
random_forest_sigmoid,uniform,1,12,0.15440523,0.08333333,0.01486509,0.35387991
random_forest_sigmoid,uniform,2,13,0.24912043,0.30769231,0.12680704,0.57630657
random_forest_sigmoid,uniform,3,4,0.36032081,0.25000000,0.04558726,0.69935816
random_forest_sigmoid,uniform,4,4,0.42738092,1.00000000,0.51010916,1.00000000
random_forest_sigmoid,uniform,5,1,0.53025278,1.00000000,0.20654931,1.00000000
random_forest_sigmoid,uniform,7,5,0.76387832,1.00000000,0.56551754,1.00000000
random_forest_sigmoid,uniform,8,13,0.87158867,0.76923077,0.49743624,0.91820471
random_forest_sigmoid,uniform,9,350,0.98558135,0.98571429,0.96699935,0.99388297
